02/24/2020,113.78,5305158,114.48,115.99,113.12,0
02/25/2020,111.72,5095911,114.19,115.15,111.63,1
02/26/2020,110.66,4319837,112.18,112.71,110.29,2
02/27/2020,105.62,6713420,108.38,109.38,105.54,3
02/28/2020,103.00,9223549,102.21,104.20,100.74,4
03/02/2020,109.06,9691097,103.38,109.44,102.95,5
03/03/2020,105.84,10927420,112.00,112.20,103.96,6
03/04/2020,107.82,6834765,107.00,108.07,104.67,7
03/05/2020,105.97,5294937,105.64,108.44,105.25,8
03/06/2020,105.95,5370785,104.16,106.43,102.75,9
03/09/2020,104.03,7346571,99.76,107.68,99.76,10
03/10/2020,108.33,7461033,106.24,109.59,104.80,11
03/11/2020,105.58,6103609,106.03,107.98,103.42,12
03/12/2020,92.62,10208840,99.24,101.53,92.41,13
03/13/2020,101.02,9267184,96.65,105.14,92.53,14
03/16/2020,93.79,6963731,92.59,99.94,91.16,15
03/17/2020,103.63,10586360,95.12,106.49,95.06,16
03/18/2020,102.82,8845742,98.94,108.35,96.85,17
03/19/2020,100.50,7414229,102.72,107.12,99.81,18
03/20/2020,97.40,8057187,99.30,102.48,96.38,19
03/23/2020,96.69,7104301,96.55,99.20,93.81,20
03/24/2020,100.56,6498592,100.14,101.65,96.00,21
03/25/2020,91.04,12563240,99.12,99.33,90.52,22
03/26/2020,96.07,7018723,91.39,96.47,91.21,23
03/27/2020,94.74,4903112,94.49,97.83,92.93,24
03/30/2020,96.01,4485977,96.18,97.77,95.50,25
03/31/2020,92.97,6392273,95.28,96.78,92.16,26
04/01/2020,95.27,8581016,91.64,96.14,91.29,27
04/02/2020,94.36,5929227,94.27,95.67,92.12,28
04/03/2020,92.57,6815449,93.53,94.13,90.17,29
04/06/2020,97.51,7107778,93.22,97.82,92.13,30
04/07/2020,98.26,6599329,98.75,101.66,97.03,31
04/08/2020,104.63,7542884,100.35,105.69,100.00,32
04/09/2020,104.20,7070592,102.00,104.83,101.50,33
04/13/2020,104.68,3235462,104.20,105.37,102.91,34
04/14/2020,108.38,5032257,108.49,109.91,105.88,35
04/15/2020,106.24,4225561,108.76,109.00,105.25,36
04/16/2020,109.30,5950255,107.00,109.89,106.65,37
04/17/2020,113.42,7617495,110.90,114.07,108.43,38
04/20/2020,108.98,5329607,112.50,112.50,108.72,39
04/21/2020,106.90,4519717,108.26,108.26,105.91,40
04/22/2020,106.84,2956001,108.19,108.53,106.42,41
04/23/2020,103.86,16507990,100.70,105.50,100.50,42
04/24/2020,107.82,6092626,104.50,108.45,103.86,43
04/27/2020,109.88,4340724,108.68,111.20,108.51,44
04/28/2020,112.00,4904742,111.51,113.88,110.11,45
04/29/2020,112.10,4929783,113.50,114.04,110.11,46
04/30/2020,109.74,4769625,111.08,111.20,108.89,47
05/01/2020,108.23,4590531,108.85,109.48,106.10,48
05/04/2020,111.71,4578280,107.83,112.03,107.63,49
05/05/2020,111.76,4201116,111.70,113.38,110.47,50
05/06/2020,113.58,4913949,112.89,115.62,112.56,51
05/07/2020,113.36,3690095,114.76,115.29,113.10,52
05/08/2020,115.83,4267439,114.71,116.83,114.12,53
05/11/2020,120.18,5996298,116.82,120.74,115.93,54
05/12/2020,119.39,4896950,121.00,122.95,119.39,55
05/13/2020,119.14,4677857,119.45,120.63,118.14,56
05/14/2020,119.94,5635647,117.94,120.83,117.12,57
05/15/2020,120.94,8354204,120.35,122.65,119.80,58
05/18/2020,125.20,6346855,123.26,125.55,122.77,59
05/19/2020,123.17,7914862,125.11,125.97,122.77,60
05/20/2020,119.63,12896990,124.09,124.91,119.29,61
05/21/2020,118.68,7620680,119.63,120.37,117.64,62
05/22/2020,117.49,4902875,118.83,119.36,117.18,63
05/26/2020,115.12,7274613,118.80,119.96,114.81,64
05/27/2020,117.41,8260266,115.63,117.45,114.23,65
05/28/2020,118.43,6137981,117.96,120.24,117.46,66
05/29/2020,122.33,8706914,118.74,122.78,118.16,67
06/01/2020,119.49,6022449,120.45,120.74,118.82,68
06/02/2020,118.85,5144622,119.66,120.78,118.19,69
06/03/2020,121.73,5815778,119.14,122.30,118.30,70
06/04/2020,119.96,3963639,121.88,122.74,119.55,71
06/05/2020,121.53,4578837,121.41,122.51,119.68,72
06/08/2020,122.37,3578432,120.81,122.46,120.58,73
06/09/2020,120.72,2923531,122.54,122.73,120.29,74
06/10/2020,120.00,3653720,120.75,122.18,119.78,75
06/11/2020,118.01,5005102,118.57,120.94,117.78,76
06/12/2020,116.90,4953427,119.58,119.75,114.81,77
06/15/2020,118.15,4594394,115.46,118.69,115.23,78
06/16/2020,119.21,5141153,120.44,121.33,117.22,79
06/17/2020,118.27,3808876,119.47,119.47,117.78,80
06/18/2020,117.30,3261106,118.24,118.26,116.87,81
06/19/2020,120.56,12607290,120.20,122.93,119.23,82
06/22/2020,122.43,4671243,120.50,123.11,119.10,83
06/23/2020,121.50,4307003,123.03,124.43,121.26,84
06/24/2020,119.72,4181575,121.17,121.99,118.63,85
06/25/2020,119.81,2759565,119.39,119.95,118.29,86
06/26/2020,117.02,6670769,120.00,120.65,116.75,87
06/29/2020,118.57,3258981,117.49,119.28,116.77,88
06/30/2020,119.93,3633976,118.88,120.44,118.27,89
07/01/2020,118.96,2836391,119.91,120.36,118.83,90
07/02/2020,119.12,2216153,119.98,120.59,118.89,91
07/06/2020,119.24,3766448,120.01,120.25,117.98,92
07/07/2020,118.06,3908260,118.30,119.55,117.81,93
07/08/2020,117.70,2845426,118.15,118.50,116.73,94
07/09/2020,117.90,2861115,117.46,119.31,117.13,95
07/10/2020,118.86,2033479,117.82,118.98,117.06,96
07/13/2020,118.73,3470096,119.38,121.76,118.38,97
07/14/2020,120.08,2578213,118.74,120.17,117.42,98
07/15/2020,121.67,3533900,121.31,122.72,120.01,99
07/16/2020,121.95,3110273,121.26,122.99,121.14,100
07/17/2020,121.67,2716003,122.64,123.21,121.45,101
07/20/2020,119.82,3825941,121.54,121.87,119.04,102
07/21/2020,120.20,3195453,120.35,120.99,120.02,103
07/22/2020,123.14,3876585,120.30,123.18,120.00,104
07/23/2020,122.35,3267515,123.45,123.60,121.94,105
07/24/2020,123.71,3833026,122.54,125.53,122.06,106
07/27/2020,122.69,2423733,124.25,124.49,122.16,107
07/28/2020,123.29,2337027,122.61,124.46,122.12,108
07/29/2020,123.68,2095804,123.47,124.48,122.90,109
07/30/2020,124.58,3606500,122.33,125.42,121.82,110
07/31/2020,125.88,3268057,124.28,125.93,123.79,111
08/03/2020,127.84,3319277,126.50,128.24,126.25,112
08/04/2020,130.45,3924491,127.93,130.77,127.58,113
08/05/2020,129.37,3692285,130.75,131.93,128.66,114
08/06/2020,129.01,1979947,129.50,129.93,128.13,115
08/07/2020,131.75,2303110,129.24,131.88,129.00,116
08/10/2020,132.94,3002886,132.07,134.11,131.25,117
08/11/2020,131.72,3915884,133.71,134.59,131.36,118
08/12/2020,134.60,4863281,135.11,135.11,132.77,119
08/13/2020,134.81,2324776,133.99,134.94,133.61,120
08/14/2020,136.53,3180944,135.92,137.00,135.22,121
08/17/2020,138.24,4632287,137.98,138.69,137.40,122
08/18/2020,136.90,5756832,137.01,137.97,134.67,123
08/19/2020,154.22,40211850,148.50,154.69,146.54,124
08/20/2020,152.24,12045970,154.93,156.10,151.72,125
08/21/2020,153.63,7061409,152.33,155.61,152.13,126
08/24/2020,153.24,4355250,154.50,154.62,152.63,127
08/25/2020,152.85,2984390,154.15,154.28,152.36,128
08/26/2020,152.71,3061602,152.75,153.57,152.09,129
08/27/2020,150.31,3773148,152.66,152.75,149.67,130
08/28/2020,150.85,2835579,150.31,151.67,149.60,131
08/31/2020,151.21,3025559,151.14,151.91,150.32,132
09/01/2020,150.55,3604066,150.61,151.77,150.12,133
09/02/2020,149.84,4128168,150.50,150.87,148.42,134
09/03/2020,146.03,4135321,149.47,149.98,145.41,135
09/04/2020,147.23,4742073,146.69,148.55,143.69,136
09/08/2020,144.00,3503165,146.68,146.79,143.38,137
09/09/2020,147.55,3279515,144.76,148.60,144.76,138
09/10/2020,146.04,2828143,147.60,148.34,145.31,139
09/11/2020,147.65,2356353,146.86,147.96,146.18,140
09/14/2020,148.44,2707154,148.55,150.39,147.84,141
09/15/2020,149.07,2206430,148.11,149.84,147.36,142
09/16/2020,147.99,2072672,149.34,149.73,147.91,143
09/17/2020,147.61,2391561,147.39,148.77,146.55,144
09/18/2020,148.82,3615103,147.72,149.52,147.26,145
09/21/2020,149.86,3359988,148.69,149.99,146.45,146
09/22/2020,154.08,4334508,151.15,154.44,150.93,147
09/23/2020,151.01,2801280,153.88,155.20,150.37,148
09/24/2020,152.00,3223323,151.62,153.56,150.10,149
09/25/2020,154.35,2743326,151.86,155.16,151.75,150
09/28/2020,156.46,3627625,154.95,157.71,154.65,151
09/29/2020,156.94,2784544,156.75,158.43,155.87,152
09/30/2020,157.42,2806214,157.45,159.15,156.50,153
10/01/2020,158.60,3866185,158.41,160.89,158.10,154
10/02/2020,159.10,1978717,156.97,159.99,156.16,155
10/05/2020,161.49,2268568,159.99,162.31,159.99,156
10/06/2020,158.41,2932595,161.47,161.98,157.61,157
10/07/2020,160.68,2927019,160.06,161.61,159.61,158
10/08/2020,161.86,2189233,162.60,163.32,161.39,159
10/09/2020,163.71,2582692,162.20,164.81,162.10,160
10/12/2020,164.57,2436329,164.30,165.49,163.62,161
10/13/2020,165.64,2015231,164.57,166.68,164.15,162
10/14/2020,163.97,2286154,165.98,166.16,162.60,163
10/15/2020,165.46,1859375,161.84,165.46,161.12,164
10/16/2020,164.92,5048946,165.91,167.25,164.36,165
10/19/2020,164.05,2322539,166.21,166.96,163.82,166
10/20/2020,164.87,2698956,164.95,167.42,163.82,167
10/21/2020,163.29,3033868,165.75,166.20,162.95,168
10/22/2020,159.60,3649395,163.07,163.38,159.34,169
10/23/2020,160.23,1817012,160.39,160.39,158.81,170
10/26/2020,157.97,2310577,158.84,159.39,156.30,171
10/27/2020,157.03,2406066,158.07,158.88,156.68,172
10/28/2020,155.21,2656149,154.91,157.27,154.11,173
10/29/2020,154.25,2157971,155.24,156.09,153.37,174
10/30/2020,152.22,3694809,153.32,154.14,150.80,175
11/02/2020,154.39,2674299,154.00,155.12,152.80,176
11/03/2020,156.73,2545379,156.32,158.71,155.43,177
11/04/2020,156.62,3156872,157.22,159.49,155.25,178
11/05/2020,158.63,3114899,159.74,159.87,156.54,179
11/06/2020,161.50,3498036,158.65,161.90,158.53,180
11/09/2020,154.91,5092826,163.15,163.16,154.75,181
11/10/2020,158.07,3577873,157.04,159.06,156.56,182
11/11/2020,159.69,3336512,159.45,162.57,158.75,183
11/12/2020,159.53,2709061,159.67,160.99,158.64,184
11/13/2020,162.88,2769730,160.99,163.45,160.60,185
11/16/2020,165.18,5035611,165.00,165.99,163.35,186
11/17/2020,163.04,6299877,164.00,164.71,160.51,187
11/18/2020,166.85,13092320,165.94,172.12,164.55,188
11/19/2020,171.37,6834937,168.71,173.44,167.90,189
11/20/2020,172.31,6657666,172.22,174.41,171.45,190
11/23/2020,177.56,5760551,174.25,179.02,173.59,191
11/24/2020,177.86,4689777,179.76,179.84,177.10,192
11/25/2020,179.82,3780713,177.73,180.48,177.35,193
11/27/2020,179.77,2371901,180.81,181.11,178.95,194
11/30/2020,179.53,8010031,178.25,180.07,176.24,195
12/01/2020,179.05,5036483,179.81,181.17,177.10,196
12/02/2020,176.41,3109258,178.02,178.21,175.47,197
12/03/2020,174.92,4214583,176.47,176.47,173.78,198
12/04/2020,175.03,2935688,174.38,175.16,173.23,199
12/07/2020,172.91,3430836,174.27,174.95,171.41,200
12/08/2020,172.72,2682233,172.50,173.78,171.74,201
12/09/2020,174.07,2853776,173.35,174.92,172.41,202
12/10/2020,172.40,2643724,173.59,174.24,172.07,203
12/11/2020,171.71,2676541,171.50,172.75,171.07,204
12/14/2020,170.99,4016391,172.96,172.96,170.17,205
12/15/2020,171.41,3490127,170.65,172.78,170.65,206
12/16/2020,171.69,2193655,172.01,172.99,170.71,207
12/17/2020,171.24,3495251,172.00,172.28,170.29,208
12/18/2020,170.42,6715840,171.18,172.18,168.97,209
12/21/2020,171.76,4077382,169.63,173.06,168.94,210
12/22/2020,172.35,3104018,172.40,173.11,171.46,211
12/23/2020,174.91,4752973,172.01,176.33,171.89,212
12/24/2020,175.19,1941216,175.98,176.51,174.67,213
12/28/2020,176.39,2441975,177.11,177.46,174.89,214
12/29/2020,175.04,2359709,177.11,177.77,174.46,215
12/30/2020,173.88,1935233,175.70,176.06,172.82,216
12/31/2020,176.53,2571328,174.41,176.67,174.10,217
01/04/2021,177.63,3463062,176.51,178.09,174.12,218
01/05/2021,180.37,4843288,176.80,181.97,176.43,219
01/06/2021,188.92,5610103,180.33,189.47,180.11,220
01/07/2021,191.10,4226679,189.21,192.35,189.17,221
01/08/2021,193.60,3321516,191.58,193.88,190.81,222
01/11/2021,195.28,7221960,193.04,199.50,192.19,223
01/12/2021,199.10,3866687,196.17,199.29,195.65,224
01/13/2021,196.82,4098158,198.52,199.96,195.28,225
01/14/2021,198.01,3321165,196.99,199.40,196.90,226
01/15/2021,194.80,4289911,197.65,198.85,194.01,227
01/19/2021,188.16,5347792,194.42,194.75,187.20,228
01/20/2021,188.30,3443232,188.50,188.70,184.54,229
01/21/2021,191.27,4586624,190.10,194.09,189.00,230
01/22/2021,191.91,3257239,190.90,192.38,189.48,231
01/25/2021,190.15,3423911,191.56,193.11,189.23,232
01/26/2021,187.70,3463602,190.11,190.56,186.67,233
01/27/2021,178.28,6985860,187.61,187.70,176.82,234
01/28/2021,183.58,3965207,177.93,185.42,177.76,235
01/29/2021,181.17,3612280,182.12,183.50,180.26,236
02/01/2021,183.57,2637302,182.18,185.00,179.68,237
02/02/2021,185.59,2920489,185.50,189.04,185.18,238
02/03/2021,185.11,2135438,185.19,186.93,183.70,239
02/04/2021,188.59,2309456,185.87,188.74,184.55,240
02/05/2021,188.86,2218864,189.49,190.33,187.89,241
02/08/2021,193.95,3076353,192.34,194.48,190.49,242
02/09/2021,194.29,2868934,194.13,196.25,193.89,243
02/10/2021,192.44,2713545,193.89,194.45,190.12,244
02/11/2021,190.41,1862266,192.04,193.17,190.34,245
02/12/2021,191.43,1821753,191.05,191.87,190.20,246
02/16/2021,190.59,2500270,191.14,192.58,190.15,247
02/17/2021,193.60,3721565,189.20,194.22,189.10,248
02/18/2021,191.41,2983459,188.27,191.56,188.00,249
02/19/2021,188.82,3120052,191.95,192.45,188.36,250
02/22/2021,188.99,2152618,188.12,190.41,187.62,251
02/23/2021,186.36,2828116,188.09,188.73,184.11,252
02/24/2021,187.08,3738358,186.02,187.73,184.30,253
02/25/2021,185.08,4355641,188.52,190.30,184.58,254
02/26/2021,183.44,4340375,186.15,186.83,182.18,255
03/01/2021,186.09,3683533,185.95,187.58,184.85,256
03/02/2021,173.49,22090540,188.01,193.58,172.17,257
03/03/2021,173.61,8285311,175.00,176.87,172.59,258
03/04/2021,169.82,7111686,172.37,174.61,166.83,259
03/05/2021,172.61,6008115,170.28,174.98,167.05,260
03/08/2021,176.87,4558581,175.27,178.47,173.60,261
03/09/2021,179.18,3752363,178.32,180.74,177.20,262
03/10/2021,178.58,3314829,179.97,181.63,178.09,263
03/11/2021,179.32,3045164,179.15,180.09,177.40,264
03/12/2021,180.01,2441940,179.90,180.35,178.56,265
03/15/2021,181.10,3454085,180.44,181.79,178.57,266
03/16/2021,180.21,3437320,179.96,180.69,178.12,267
03/17/2021,178.40,2929271,179.51,179.66,177.87,268
03/18/2021,179.61,2859316,177.24,181.15,176.68,269
03/19/2021,187.55,7745198,179.89,188.30,179.63,270
03/22/2021,188.04,3952385,187.10,190.38,186.74,271
03/23/2021,188.92,2920433,187.77,190.79,187.43,272
03/24/2021,188.28,2489682,188.91,189.46,187.38,273
03/25/2021,192.70,3444737,188.09,193.37,187.67,274
03/26/2021,200.95,6046090,194.30,201.23,194.03,275
03/29/2021,198.21,3231777,200.09,201.96,197.51,276
03/30/2021,199.65,2810804,198.08,201.36,197.61,277
03/31/2021,198.07,3556624,200.04,201.33,198.03,278
04/01/2021,200.72,2730249,198.14,201.47,196.36,279
04/05/2021,205.35,2833229,202.00,205.80,202.00,280
04/06/2021,205.43,2494866,204.40,207.38,202.95,281
04/07/2021,204.45,2100353,205.75,206.00,204.08,282
04/08/2021,203.46,3032635,204.35,204.81,202.42,283
04/09/2021,205.36,2900494,204.00,205.67,203.54,284
04/12/2021,205.10,3191315,205.28,206.35,203.48,285
04/13/2021,204.94,2393412,205.56,206.00,203.51,286
04/14/2021,205.71,2171319,204.28,206.00,203.03,287
04/15/2021,205.76,3370288,206.02,206.21,203.53,288
04/16/2021,208.55,4342573,206.00,209.49,205.83,289
04/19/2021,208.65,2924543,209.49,210.86,208.25,290
04/20/2021,207.27,2089772,208.91,209.49,206.43,291
04/21/2021,206.77,2837188,207.24,208.41,206.30,292
04/22/2021,205.57,2499473,207.28,207.65,203.64,293
04/23/2021,206.01,2444854,205.94,206.80,203.92,294
04/26/2021,203.63,2675671,205.86,206.02,202.85,295
04/27/2021,204.36,2260127,204.22,205.33,203.31,296
04/28/2021,204.46,1598814,203.93,205.25,203.44,297
04/29/2021,207.38,1884920,206.12,208.41,205.77,298
04/30/2021,207.26,1802061,206.21,208.15,205.98,299
05/03/2021,211.28,2249691,209.18,212.82,208.82,300
05/04/2021,211.61,2203468,209.61,211.84,209.10,301
05/05/2021,212.41,1639370,212.65,213.66,211.68,302
05/06/2021,213.00,2225970,213.66,213.92,211.94,303
05/07/2021,214.71,2298522,213.29,215.39,212.81,304
05/10/2021,214.03,3092693,215.51,217.39,213.72,305
05/11/2021,209.24,3297292,212.52,212.76,206.95,306
05/12/2021,202.96,3857277,207.96,208.68,202.76,307
05/13/2021,208.61,3134106,204.22,210.13,203.89,308
05/14/2021,211.16,2650290,210.21,212.26,209.43,309
05/17/2021,210.02,2580897,212.84,213.64,209.36,310
05/18/2021,206.43,4794945,211.21,211.68,206.21,311
05/19/2021,219.01,13378670,210.31,219.82,209.80,312
05/20/2021,221.79,7086307,218.28,222.80,217.07,313
05/21/2021,225.09,5084769,222.21,227.08,221.86,314
05/24/2021,225.41,3820970,226.34,228.50,225.33,315
05/25/2021,225.30,4103005,225.55,227.27,223.26,316
05/26/2021,227.11,3186796,226.17,227.95,225.99,317
05/27/2021,227.37,6623131,227.93,228.84,226.05,318
05/28/2021,226.92,2632555,228.00,228.35,226.18,319
06/01/2021,227.27,3426365,227.56,228.79,226.05,320
06/02/2021,228.38,3331509,226.41,229.14,226.15,321
06/03/2021,229.18,3155379,228.34,230.23,227.01,322
06/04/2021,231.34,3085280,230.20,231.61,228.71,323
06/07/2021,230.89,2221783,231.50,232.66,230.39,324
06/08/2021,235.10,3441684,234.27,236.36,232.55,325
06/09/2021,231.94,3372879,234.60,236.80,231.89,326
06/10/2021,231.66,2579717,231.66,233.70,231.40,327
06/11/2021,232.94,2510167,231.79,232.98,231.79,328
06/14/2021,233.07,2904357,233.16,233.50,231.55,329
06/15/2021,232.57,2518099,233.01,233.01,230.75,330
06/16/2021,231.26,2767610,232.70,233.00,229.56,331
06/17/2021,231.22,2826597,230.55,232.93,229.83,332
06/18/2021,230.53,4481436,229.86,231.37,228.01,333
06/21/2021,233.77,3049654,231.41,234.04,231.25,334
06/22/2021,237.21,2901430,234.49,237.86,233.88,335
06/23/2021,237.31,2246566,236.87,237.97,235.84,336
06/24/2021,239.84,2141945,239.44,239.87,238.32,337
06/25/2021,240.55,5987506,240.01,241.74,239.79,338
06/28/2021,241.26,2063002,240.90,242.24,239.78,339
06/29/2021,241.85,2089618,241.26,243.46,241.01,340
06/30/2021,241.74,2773214,241.79,242.95,240.80,341
07/01/2021,243.47,2125523,241.96,243.53,241.13,342
07/02/2021,246.58,2179175,244.50,246.98,244.21,343
07/06/2021,245.45,2305234,246.50,247.34,242.95,344
07/07/2021,247.55,2035967,245.61,248.40,245.53,345
07/08/2021,248.58,2292748,245.32,248.96,245.05,346
07/09/2021,248.58,2702490,248.68,250.75,247.38,347
07/12/2021,252.24,3056858,249.50,252.47,249.12,348
07/13/2021,251.75,2392946,250.50,253.44,250.50,349
07/14/2021,253.63,2578717,252.60,254.05,251.61,350
07/15/2021,252.93,2646210,253.70,254.53,252.03,351
07/16/2021,251.15,3415858,253.90,254.05,250.86,352
07/19/2021,251.12,3187425,249.78,251.82,248.54,353
07/20/2021,254.71,2805169,251.10,256.38,249.69,354
07/21/2021,256.05,2262712,255.25,256.43,254.30,355
07/22/2021,257.01,2472244,257.40,257.79,254.98,356
07/23/2021,261.03,2016914,257.78,261.11,257.53,357
07/26/2021,260.86,2338014,260.88,262.38,259.09,358
07/27/2021,258.36,3036053,260.00,260.26,255.69,359
07/28/2021,257.42,2810470,257.29,258.86,256.38,360
07/29/2021,261.66,3054953,258.19,261.84,257.38,361
07/30/2021,261.05,2806602,260.74,263.46,258.73,362
08/02/2021,257.24,3174903,262.08,262.31,254.80,363
08/03/2021,262.20,2545022,258.11,263.30,257.96,364
08/04/2021,260.53,2397176,261.20,262.89,260.24,365
08/05/2021,261.40,2202866,261.77,262.71,259.98,366
08/06/2021,260.09,2441853,261.93,262.99,259.34,367
08/09/2021,262.41,2508758,260.10,262.79,260.08,368
08/10/2021,264.07,3369801,262.97,265.75,262.01,369
08/11/2021,263.01,2938961,264.55,267.06,262.45,370
08/12/2021,261.88,2267266,263.95,264.60,261.05,371
08/13/2021,261.54,3070448,262.69,263.70,260.62,372
08/16/2021,263.15,3401621,260.09,263.49,256.75,373
08/17/2021,254.65,6620517,260.45,260.45,252.05,374
08/18/2021,247.58,8907996,248.99,255.79,246.25,375
08/19/2021,245.41,5067647,244.53,249.53,244.40,376
08/20/2021,253.40,4146076,246.67,253.98,246.62,377
08/23/2021,252.53,2952930,254.26,255.22,252.34,378
08/24/2021,250.65,2466617,253.50,253.50,250.28,379
08/25/2021,251.15,2438429,250.50,252.26,249.41,380
08/26/2021,248.96,2919934,250.43,250.51,247.30,381
08/27/2021,249.18,2661060,248.15,250.47,247.68,382
08/30/2021,249.36,2093031,249.21,251.38,249.15,383
08/31/2021,246.98,3966041,249.15,249.60,245.42,384
09/01/2021,246.37,2862651,247.00,247.55,244.26,385
09/02/2021,245.81,2525246,246.33,246.96,245.15,386
09/03/2021,244.31,3352126,245.09,245.18,243.00,387
09/07/2021,242.72,2727182,243.92,244.59,241.59,388
09/08/2021,246.11,2843325,242.73,246.19,242.39,389
09/09/2021,245.44,2474674,245.97,247.32,244.62,390
09/10/2021,244.54,1945593,247.21,247.70,244.19,391
09/13/2021,243.10,2872013,245.50,246.25,241.60,392
09/14/2021,242.24,1905751,243.39,244.41,241.78,393
09/15/2021,244.14,1953179,242.33,244.86,241.80,394
09/16/2021,246.95,2171375,245.23,247.50,244.75,395
09/17/2021,246.67,3736553,245.45,248.53,245.45,396
09/20/2021,242.14,3329098,243.48,246.17,239.56,397
09/21/2021,241.31,1960332,242.84,245.06,241.24,398
09/22/2021,241.77,2285917,242.37,243.38,239.72,399
09/23/2021,242.67,2038927,243.50,245.17,242.44,400
09/24/2021,241.44,1901416,241.33,242.81,240.38,401
09/27/2021,238.58,2588425,240.25,242.34,237.87,402
09/28/2021,233.44,3173938,236.90,237.36,232.86,403
09/29/2021,235.85,2655473,234.57,237.62,233.81,404
09/30/2021,228.77,5428320,235.88,235.88,228.13,405
10/01/2021,228.42,3476482,229.25,229.49,223.85,406
10/04/2021,225.89,3816371,227.93,229.00,222.88,407
10/05/2021,227.56,2407335,227.06,229.51,225.66,408
10/06/2021,226.83,2789084,226.15,227.54,224.78,409
10/07/2021,229.82,2352256,228.55,231.50,228.40,410
10/08/2021,228.90,2004918,230.05,231.72,228.32,411
10/11/2021,228.72,1998553,228.57,231.25,228.34,412
10/12/2021,230.24,2167414,230.00,231.40,228.50,413
10/13/2021,236.75,3990018,231.50,236.77,230.52,414
10/14/2021,242.09,4282736,238.80,243.80,236.23,415
10/15/2021,245.71,3626894,243.30,247.35,242.15,416
10/18/2021,253.65,4365797,244.95,253.74,244.54,417
10/19/2021,252.19,3204845,254.53,256.95,251.80,418
10/20/2021,251.83,2209257,254.31,254.74,251.31,419
10/21/2021,254.21,1758359,251.62,254.24,251.40,420
10/22/2021,255.93,2205671,255.48,257.41,254.59,421
10/25/2021,260.35,2488389,256.82,261.00,256.10,422
10/26/2021,258.73,2439708,261.40,261.51,257.51,423
10/27/2021,256.54,2269924,258.94,259.39,255.72,424
10/28/2021,258.22,1735194,258.26,260.16,257.53,425
10/29/2021,259.62,2417825,256.51,259.78,256.51,426
11/01/2021,257.92,1718106,261.55,261.80,257.49,427
11/02/2021,260.26,2228014,259.03,261.20,258.54,428
11/03/2021,260.41,2397484,258.70,260.65,256.72,429
11/04/2021,260.44,3031306,260.66,262.51,259.42,430
11/05/2021,254.27,4060279,261.00,261.24,252.81,431
11/08/2021,253.33,2523286,253.25,256.10,252.03,432
11/09/2021,255.16,2347070,252.78,255.42,252.57,433
11/10/2021,254.05,2093075,254.03,256.00,252.65,434
11/11/2021,256.01,2199424,254.27,256.58,253.70,435
11/12/2021,260.02,2497590,257.38,261.87,256.68,436
11/15/2021,264.33,4852433,262.79,268.98,261.40,437
11/16/2021,266.39,4355750,263.00,267.53,262.74,438
11/17/2021,253.80,11855860,253.99,257.17,251.47,439
11/18/2021,252.05,5788480,256.09,256.64,249.65,440
11/19/2021,250.70,3965907,251.10,253.88,250.41,441
11/22/2021,244.57,5571815,251.43,251.68,241.21,442
11/23/2021,249.18,4055037,245.65,249.72,243.43,443
11/24/2021,248.76,3051972,247.90,249.62,246.12,444
11/26/2021,246.57,3180865,248.69,251.46,245.78,445
11/29/2021,249.16,3027601,248.54,251.58,247.01,446
11/30/2021,243.84,7907944,246.36,246.99,242.24,447
12/01/2021,240.39,3852130,245.68,248.40,240.23,448
12/02/2021,245.50,3684005,241.89,246.62,241.39,449
12/03/2021,247.57,4838680,246.73,248.41,245.31,450
12/06/2021,242.97,3772594,248.46,248.85,242.32,451
12/07/2021,245.63,3565873,244.63,246.23,243.67,452
12/08/2021,239.60,4929440,246.74,247.33,238.20,453
12/09/2021,237.56,2762176,239.11,239.70,235.83,454
12/10/2021,238.18,2487235,237.16,239.75,236.69,455
12/13/2021,234.17,3783503,237.92,238.52,232.40,456
12/14/2021,235.28,3364766,230.91,236.16,230.91,457
12/15/2021,236.65,3433544,233.60,236.82,231.55,458
12/16/2021,224.78,7302051,235.96,236.65,224.49,459
12/17/2021,223.31,5838274,224.83,226.29,221.47,460
12/20/2021,219.19,5233240,221.03,221.50,214.60,461
12/21/2021,220.07,3975734,219.88,220.78,216.48,462
12/22/2021,217.74,4182587,219.80,221.28,217.00,463
12/23/2021,221.01,3345272,218.55,222.14,218.29,464
12/27/2021,224.10,4337599,222.10,224.69,220.86,465
12/28/2021,224.91,3202878,224.45,227.50,223.64,466
12/29/2021,227.92,3065826,225.37,229.57,225.37,467
12/30/2021,231.91,4007377,228.80,233.87,228.80,468
12/31/2021,231.44,2485246,232.77,233.62,229.22,469
01/03/2022,231.95,3018369,231.07,232.28,228.76,470
01/04/2022,234.17,3327584,232.01,235.64,231.57,471
01/05/2022,228.86,3885755,234.81,236.33,228.77,472
01/06/2022,231.35,4193202,222.74,232.66,222.74,473
01/07/2022,230.78,3052885,230.18,233.20,229.10,474
01/10/2022,227.42,4858182,228.53,228.64,223.02,475
01/11/2022,227.55,3048865,228.09,228.71,224.00,476
01/12/2022,224.47,4233302,228.19,230.14,224.10,477
01/13/2022,225.83,3458972,225.28,226.80,223.75,478
01/14/2022,221.40,5282627,222.42,224.30,218.39,479
01/18/2022,220.01,4652755,218.78,220.95,217.28,480
01/19/2022,223.84,4091162,221.75,228.30,220.64,481
01/20/2022,221.72,4307922,225.02,229.31,221.14,482
01/21/2022,217.25,7859333,220.00,220.89,214.22,483
01/24/2022,220.58,5618875,215.39,221.03,211.92,484
01/25/2022,214.68,4929112,218.36,218.68,212.91,485
01/26/2022,211.71,4207470,215.62,217.17,210.38,486
01/27/2022,212.18,4007061,215.33,217.32,211.39,487
01/28/2022,217.67,2906164,214.29,217.79,210.52,488
01/31/2022,220.43,4151109,216.91,220.73,216.33,489
02/01/2022,219.23,4117401,221.99,222.52,216.33,490
02/02/2022,217.61,4588465,218.26,220.09,215.33,491
02/03/2022,213.22,6357809,214.25,218.32,212.57,492
02/04/2022,214.04,3754673,214.12,215.50,210.54,493
02/07/2022,211.29,4402778,214.73,215.16,210.30,494
02/08/2022,212.95,2926650,211.08,214.66,210.65,495
02/09/2022,216.64,2562841,214.99,217.18,214.05,496
02/10/2022,213.84,3038137,214.38,217.50,212.71,497
02/11/2022,211.56,2852381,214.16,214.75,210.79,498
02/14/2022,208.57,4066749,211.19,211.50,205.71,499
02/15/2022,207.18,4741026,209.32,209.32,205.80,500
02/16/2022,207.81,3340572,206.88,208.85,204.80,501
02/17/2022,204.00,3865911,206.59,206.95,203.87,502
02/18/2022,204.39,3321740,204.52,206.63,203.48,503
02/22/2022,196.35,5621347,202.63,203.18,194.50,504
02/23/2022,189.90,4471300,196.90,197.87,189.61,505
02/24/2022,191.55,3917719,184.49,191.76,184.00,506
02/25/2022,199.22,4098506,191.51,199.50,191.32,507
02/28/2022,199.77,6192228,197.36,201.18,195.84,508
03/01/2022,219.43,15776090,226.83,227.10,218.55,509
03/02/2022,224.90,6357697,222.00,226.12,218.66,510
03/03/2022,223.84,4604599,226.12,229.19,222.37,511
03/04/2022,224.10,3997164,222.73,225.09,221.64,512
03/07/2022,211.04,5743365,224.10,224.61,210.57,513
03/08/2022,208.81,4463244,211.23,213.91,206.70,514
03/09/2022,216.00,3183179,213.72,218.42,213.44,515
03/10/2022,214.78,3155263,213.60,215.48,210.08,516
03/11/2022,206.97,4042617,215.66,216.53,206.80,517
03/14/2022,208.76,3168457,208.21,210.91,204.95,518
03/15/2022,215.35,2866862,210.51,216.20,210.51,519
03/16/2022,215.59,3029795,216.93,218.70,211.74,520
03/17/2022,220.63,3655410,215.00,220.90,214.48,521
03/18/2022,226.05,6544755,218.89,226.14,218.08,522
03/21/2022,223.00,3023528,226.03,228.46,221.32,523
03/22/2022,222.77,2463953,223.71,224.63,221.75,524
03/23/2022,216.72,2993538,222.27,222.73,215.94,525
03/24/2022,217.04,2240365,217.03,218.71,216.16,526
03/25/2022,218.61,2466209,218.05,219.93,216.33,527
03/28/2022,219.52,2212214,218.06,219.52,216.45,528
03/29/2022,222.93,3072217,222.00,224.57,220.20,529
03/30/2022,221.96,2464889,221.67,223.69,220.63,530
03/31/2022,212.22,4615495,218.33,220.20,212.06,531
04/01/2022,210.54,3217064,213.32,214.13,209.61,532
04/04/2022,214.41,3167217,210.19,214.61,206.19,533
04/05/2022,214.79,2538562,213.49,218.37,213.18,534
04/06/2022,215.94,3678461,211.67,217.09,211.00,535
04/07/2022,228.19,7938099,219.00,229.81,218.43,536
04/08/2022,233.34,6631161,233.00,236.07,230.62,537
04/11/2022,229.31,3172246,233.26,235.96,228.91,538
04/12/2022,231.34,3366606,232.30,235.41,230.39,539
04/13/2022,233.82,2451470,230.30,235.19,229.51,540
04/14/2022,237.20,3909693,233.91,238.19,233.11,541
04/18/2022,239.39,3341838,235.54,241.26,235.08,542
04/19/2022,246.05,4715742,240.31,247.20,239.47,543
04/20/2022,249.32,3735500,248.62,250.97,246.44,544
04/21/2022,248.17,3967712,250.85,254.87,247.61,545
04/22/2022,241.68,3431281,246.55,247.20,241.43,546
04/25/2022,241.66,3265081,239.99,242.92,238.27,547
04/26/2022,236.50,2915498,239.56,242.50,236.41,548
04/27/2022,230.97,2995267,236.45,237.53,230.47,549
04/28/2022,236.39,2318152,234.43,237.62,230.78,550
04/29/2022,228.65,3220672,234.49,235.83,228.21,551
05/02/2022,229.78,3049119,230.15,233.00,225.16,552
05/03/2022,232.54,3027758,231.04,234.49,229.50,553
05/04/2022,237.43,3256536,231.85,238.59,229.14,554
05/05/2022,230.76,3466744,235.61,235.86,228.30,555
05/06/2022,225.21,3683251,225.85,229.66,222.65,556
05/09/2022,224.20,4672300,223.20,228.18,222.32,557
05/10/2022,219.11,3747994,226.59,228.75,216.69,558
05/11/2022,213.49,3193596,219.40,220.92,212.38,559
05/12/2022,217.27,3547401,213.36,220.82,213.06,560
05/13/2022,219.73,3146691,219.99,223.30,217.81,561
05/16/2022,219.25,3345636,220.11,221.65,216.27,562
05/17/2022,215.28,6641635,210.63,215.58,209.13,563
05/18/2022,161.61,50936760,163.07,168.00,155.20,564
05/19/2022,153.43,23318970,161.27,161.43,151.28,565
05/20/2022,155.36,12300170,153.62,155.80,150.89,566
05/23/2022,153.90,7700126,154.99,156.11,153.28,567
05/24/2022,149.95,10936570,151.58,152.09,145.51,568
05/25/2022,156.42,8107749,150.24,156.98,149.52,569
05/26/2022,163.20,7369736,157.98,163.33,157.85,570
05/27/2022,167.14,6315525,163.24,167.20,163.20,571
05/31/2022,161.88,8942091,166.51,166.79,161.43,572
06/01/2022,156.52,4480934,161.88,163.16,156.48,573
06/02/2022,160.91,4366036,156.56,161.06,156.08,574
06/03/2022,161.04,4187650,159.19,162.86,159.00,575
06/06/2022,159.67,3772318,161.40,162.05,158.75,576
06/07/2022,155.98,33299680,148.00,157.95,147.15,577
06/08/2022,156.70,6575952,154.43,159.63,153.35,578
06/09/2022,154.55,5747595,156.75,158.30,154.49,579
06/10/2022,149.67,5101202,151.51,152.72,149.63,580
06/13/2022,144.81,5885978,146.53,147.39,143.87,581
06/14/2022,142.70,5200821,144.88,146.43,141.29,582
06/15/2022,147.44,6353121,142.52,149.27,142.11,583
06/16/2022,142.89,5630323,144.92,147.08,142.01,584
06/17/2022,139.30,10928150,141.08,141.80,138.58,585
06/21/2022,144.70,6555510,141.55,145.70,140.85,586
06/22/2022,140.81,4642442,143.19,144.32,140.24,587
06/23/2022,146.81,5211053,141.82,147.30,140.83,588
06/24/2022,150.42,6993117,147.17,151.00,146.48,589
06/27/2022,149.61,3607154,151.16,151.93,148.03,590
06/28/2022,144.52,4132664,150.44,151.31,144.33,591
06/29/2022,141.90,4238896,144.21,144.49,141.32,592
06/30/2022,141.23,5899946,140.18,143.23,137.16,593
07/01/2022,142.38,3010205,140.76,142.50,139.50,594
07/05/2022,145.71,3716670,141.41,146.06,139.30,595
07/06/2022,144.81,2828472,145.46,146.08,143.03,596
07/07/2022,149.96,3959500,145.78,150.13,145.24,597
07/08/2022,147.99,2544945,149.89,150.03,147.46,598
07/11/2022,146.39,2051084,147.99,148.71,145.79,599
07/12/2022,144.56,3132798,146.66,149.66,143.60,600
07/13/2022,145.44,2769010,142.66,147.33,142.23,601
07/14/2022,146.29,2975962,143.54,146.55,142.92,602
07/15/2022,146.67,3831484,147.92,148.68,145.85,603
07/18/2022,149.36,4362651,148.55,152.78,147.78,604
07/19/2022,153.36,3155879,151.35,153.54,149.76,605
07/20/2022,156.50,3248094,153.80,156.61,152.21,606
07/21/2022,158.66,3105230,156.48,158.75,154.99,607
07/22/2022,157.74,2780036,159.35,160.79,156.63,608
07/25/2022,157.49,2327995,158.40,158.48,156.61,609
07/26/2022,151.81,4619986,149.73,152.62,149.50,610
07/27/2022,154.60,3609310,153.00,155.84,150.80,611
07/28/2022,159.42,3114002,155.10,160.06,154.67,612
07/29/2022,163.38,5522969,160.00,164.04,158.53,613
08/01/2022,165.55,4534687,168.64,169.11,165.35,614
08/02/2022,163.48,3109365,164.52,166.33,163.29,615
08/03/2022,167.92,4057007,164.38,169.65,164.38,616
08/04/2022,166.56,3157724,167.63,168.50,165.73,617
08/05/2022,166.13,2205355,165.05,166.90,164.40,618
08/08/2022,166.97,2808348,166.66,170.99,166.43,619
08/09/2022,165.12,2608636,165.77,166.08,163.91,620
08/10/2022,169.67,4539874,169.04,172.93,167.75,621
08/11/2022,169.60,4278832,171.07,173.00,168.88,622
08/12/2022,172.48,2357285,171.07,172.49,170.05,623
08/15/2022,173.39,3788577,171.83,174.16,170.20,624
08/16/2022,180.19,9057584,177.11,183.89,175.56,625
08/17/2022,175.34,13409000,174.16,177.99,170.83,626
08/18/2022,173.05,4241276,173.98,175.14,171.58,627
08/19/2022,167.04,5015791,171.83,171.92,166.79,628
08/22/2022,161.96,4630138,165.07,165.98,161.36,629
08/23/2022,161.97,3795109,161.94,162.82,160.15,630
08/24/2022,163.13,3407080,162.07,164.54,159.72,631
08/25/2022,167.50,3071388,162.63,167.55,161.60,632
08/26/2022,160.62,3607617,168.01,168.12,160.60,633
08/29/2022,158.69,2531092,159.25,160.45,158.16,634
08/30/2022,160.78,3249671,158.70,161.09,157.18,635
08/31/2022,160.34,4901257,161.25,161.31,158.27,636
09/01/2022,164.84,4021393,159.29,164.90,158.10,637
09/02/2022,164.60,3563226,165.51,166.34,163.30,638
09/06/2022,163.58,4530482,164.51,164.79,159.33,639
09/07/2022,170.79,5206383,163.22,171.72,162.78,640
09/08/2022,171.90,2817091,169.07,172.21,168.72,641
09/09/2022,173.65,3380159,171.75,174.57,171.54,642
09/12/2022,173.85,3024550,175.11,176.13,173.14,643
09/13/2022,166.24,3585425,170.05,171.75,165.69,644
09/14/2022,165.38,3618778,167.86,168.88,163.40,645
09/15/2022,165.01,2909264,165.45,168.99,164.70,646
09/16/2022,164.09,4843717,162.73,165.64,161.71,647
09/19/2022,164.76,2607163,163.00,165.09,162.03,648
09/20/2022,160.03,3019602,163.30,163.75,158.22,649
09/21/2022,159.03,2809512,161.00,163.82,159.03,650
09/22/2022,152.96,3984659,158.24,158.43,152.64,651
09/23/2022,152.61,3796637,151.95,152.78,149.71,652
09/26/2022,148.71,3967836,151.56,152.51,147.37,653
09/27/2022,148.47,2941392,150.47,152.26,146.86,654
09/28/2022,155.87,4254027,149.54,156.95,149.31,655
09/29/2022,151.79,3170369,154.20,154.75,150.90,656
09/30/2022,148.39,4328301,151.59,152.23,145.50,657
10/03/2022,151.79,2847537,149.67,152.62,148.39,658
10/04/2022,156.96,3028591,154.70,158.29,154.34,659
10/05/2022,156.41,2491715,155.00,157.55,153.41,660
10/06/2022,155.75,2603378,157.46,159.00,155.48,661
10/07/2022,152.34,2771909,154.34,154.52,150.72,662
10/10/2022,153.10,2055798,152.98,153.88,150.48,663
10/11/2022,154.50,2408279,153.50,157.72,152.71,664
10/12/2022,154.16,2265469,154.74,157.00,154.04,665
10/13/2022,154.12,3394052,151.21,156.06,148.87,666
10/14/2022,145.69,4766623,154.48,155.19,145.19,667
10/17/2022,149.25,3177369,147.74,151.00,146.68,668
10/18/2022,157.23,5563441,155.53,161.13,155.01,669
10/19/2022,155.39,2611475,157.19,158.19,154.13,670
10/20/2022,154.40,3079918,155.98,159.16,153.42,671
10/21/2022,159.19,3508270,154.54,159.26,154.30,672
10/24/2022,161.82,2974082,160.30,162.90,159.63,673
10/25/2022,165.80,4177912,162.80,166.31,161.99,674
10/26/2022,166.77,3456063,167.84,170.75,165.32,675
10/27/2022,166.90,2957353,168.22,170.30,166.80,676
10/28/2022,167.52,3066778,166.26,167.94,163.05,677
10/31/2022,164.25,3792677,166.00,167.36,164.02,678
11/01/2022,164.59,3051010,166.44,166.98,162.57,679
11/02/2022,160.20,3381107,164.58,165.89,160.08,680
11/03/2022,159.80,3041570,157.98,160.79,157.75,681
11/04/2022,159.63,2653538,162.41,162.75,156.26,682
11/07/2022,159.87,2424145,161.24,161.41,158.00,683
11/08/2022,161.62,3284603,161.32,164.66,159.81,684
11/09/2022,152.99,4018378,161.08,161.59,152.50,685
11/10/2022,164.38,4962937,158.94,164.55,158.39,686
11/11/2022,173.32,5828321,165.12,174.83,164.95,687
11/14/2022,173.26,5753753,172.64,176.80,172.35,688
11/15/2022,178.98,8606029,177.00,180.46,176.90,689
11/16/2022,155.47,36731480,149.85,158.49,148.75,690
11/17/2022,162.01,11300530,153.48,162.18,152.72,691
11/18/2022,162.88,7280857,161.98,164.70,160.00,692
11/21/2022,158.02,5964702,161.08,161.93,156.77,693
11/22/2022,157.86,6364058,158.79,159.91,155.75,694
11/23/2022,163.41,4833474,158.48,164.14,158.25,695
11/25/2022,163.38,1883018,163.50,163.96,161.60,696
11/28/2022,165.37,4626781,162.81,166.89,162.81,697
11/29/2022,166.37,5231668,164.43,166.97,161.51,698
11/30/2022,167.07,11376650,165.88,167.23,162.74,699
12/01/2022,165.03,4989249,166.47,167.43,163.05,700
12/02/2022,164.16,3442958,163.31,164.86,162.45,701
12/05/2022,154.93,6233238,162.89,162.89,154.79,702
12/06/2022,155.05,4721823,155.82,156.68,153.28,703
12/07/2022,153.76,3685155,153.50,155.69,153.39,704
12/08/2022,154.21,3107142,154.04,155.26,153.17,705
12/09/2022,152.28,2905888,153.41,154.72,152.12,706
12/12/2022,150.03,4433845,150.50,150.68,148.43,707
12/13/2022,150.87,4178932,153.20,154.10,149.70,708
12/14/2022,152.51,3749084,150.50,154.65,150.14,709
12/15/2022,147.60,5417043,149.86,150.00,145.32,710
12/16/2022,146.45,8366961,146.05,147.66,145.55,711
12/19/2022,144.65,4186720,146.60,147.00,143.56,712
12/20/2022,143.25,3175400,142.90,143.96,142.45,713
12/21/2022,142.30,3510196,142.26,144.19,141.97,714
12/22/2022,141.35,3848504,141.50,141.71,139.68,715
12/23/2022,143.15,2464781,140.86,143.27,139.88,716
12/27/2022,145.55,3112519,143.00,146.28,142.40,717
12/28/2022,145.80,2623183,145.31,147.22,144.85,718
12/29/2022,148.37,2829021,146.97,149.66,146.88,719
12/30/2022,149.04,2391104,147.23,149.08,146.80,720
01/03/2023,151.73,3685201,149.98,152.64,149.58,721
01/04/2023,152.72,4443293,148.26,154.32,147.68,722
01/05/2023,154.26,3266024,152.21,154.51,150.29,723
01/06/2023,160.15,4944230,157.65,161.06,156.88,724
01/09/2023,156.35,3853813,159.88,160.37,156.34,725
01/10/2023,155.97,2554884,157.42,157.54,154.84,726
01/11/2023,158.97,3146758,157.15,159.00,155.90,727
01/12/2023,159.75,3222612,160.00,160.25,156.48,728
01/13/2023,164.60,5161230,159.33,164.93,159.13,729
01/17/2023,162.10,3527944,164.49,165.69,162.07,730
01/18/2023,160.83,2798087,163.41,165.19,160.63,731
01/19/2023,159.10,2881376,159.50,160.61,157.53,732
01/20/2023,162.21,3122200,159.63,162.75,158.50,733
01/23/2023,164.63,2371420,162.21,165.49,161.35,734
01/24/2023,163.55,1902036,169.82,169.82,144.30,735
01/25/2023,164.21,2248397,162.50,164.21,160.64,736
01/26/2023,167.03,2079129,165.70,167.10,164.48,737
01/27/2023,168.51,3850269,168.00,170.32,166.79,738
01/30/2023,168.68,3453478,167.00,169.59,165.74,739
01/31/2023,172.14,3715983,168.12,172.22,168.12,740
02/01/2023,177.08,4022156,172.11,177.68,169.91,741
02/02/2023,181.02,4003809,177.71,181.70,176.90,742
02/03/2023,176.76,2941637,177.27,179.07,175.20,743
02/06/2023,173.84,2642923,174.69,175.38,171.72,744
02/07/2023,174.76,2256803,173.55,175.44,171.94,745
02/08/2023,171.79,2037227,173.52,173.97,171.51,746
02/09/2023,171.37,1656113,172.70,174.02,170.56,747
02/10/2023,170.02,1841376,170.32,171.20,168.79,748
02/13/2023,173.32,2432640,170.99,173.50,170.33,749
02/14/2023,171.17,2418580,171.55,172.98,168.84,750
02/15/2023,176.02,2954628,170.01,176.29,169.95,751
02/16/2023,174.54,2318683,174.20,177.29,173.77,752
02/17/2023,173.22,2678144,173.35,173.52,170.89,753
02/21/2023,166.22,4133577,169.52,170.99,166.17,754
02/22/2023,165.72,2940959,165.60,169.30,165.20,755
02/23/2023,165.50,2718678,165.90,165.90,161.87,756
02/24/2023,166.96,2888815,164.08,167.43,163.00,757
02/27/2023,166.81,5244991,168.67,169.87,165.48,758
02/28/2023,168.50,10669300,168.73,172.67,167.10,759
03/01/2023,162.40,5835691,168.16,168.40,160.80,760
03/02/2023,165.94,2831809,161.21,165.99,160.95,761
03/03/2023,166.00,2318619,166.15,166.21,164.32,762
03/06/2023,165.20,2220863,166.59,166.76,164.52,763
03/07/2023,162.82,2410866,165.83,166.62,162.58,764
03/08/2023,163.51,1752799,162.90,163.73,162.17,765
03/09/2023,160.64,1872402,164.31,164.70,160.47,766
03/10/2023,158.18,2754204,160.27,161.87,157.51,767
03/13/2023,157.92,2342674,156.32,160.73,156.23,768
03/14/2023,158.37,2574171,159.77,160.32,156.55,769
03/15/2023,159.13,2633960,156.33,159.86,156.10,770
03/16/2023,163.05,2510741,157.55,163.24,157.23,771
03/17/2023,159.36,13174950,162.73,163.46,158.29,772
03/20/2023,163.24,2875852,159.37,163.37,159.26,773
03/21/2023,162.71,2497184,164.23,164.77,161.48,774
03/22/2023,157.47,2909854,162.90,163.11,157.37,775
03/23/2023,156.12,2791722,158.75,159.24,154.45,776
03/24/2023,156.22,2703923,154.72,156.57,152.68,777
03/27/2023,159.38,3078893,157.34,160.04,156.48,778
03/28/2023,159.77,2910671,159.05,161.26,158.10,779
03/29/2023,158.11,4219409,160.89,161.00,155.92,780
03/30/2023,160.27,2237569,159.80,161.41,159.67,781
03/31/2023,165.63,3094079,161.50,165.83,160.95,782
04/03/2023,166.06,2744397,166.40,167.96,165.33,783
04/04/2023,166.05,2350518,165.71,167.02,164.95,784
04/05/2023,165.24,2762084,165.80,166.99,164.06,785
04/06/2023,165.58,2552870,162.57,165.84,160.68,786
04/10/2023,169.00,2724418,165.08,169.68,164.59,787
04/11/2023,169.58,2155636,169.71,171.24,169.38,788
04/12/2023,163.51,3900291,170.46,170.77,163.19,789
04/13/2023,163.27,2464836,164.04,164.94,161.70,790
04/14/2023,161.00,2370137,163.00,165.47,159.89,791
04/17/2023,162.70,2566526,161.51,163.08,161.24,792
04/18/2023,162.40,2195491,162.95,163.03,161.99,793
04/19/2023,162.51,2183800,160.75,162.85,160.21,794
04/20/2023,160.28,2809925,160.92,162.49,159.78,795
04/21/2023,162.18,2743626,161.32,164.53,160.94,796
04/24/2023,163.94,2313130,162.31,164.20,162.31,797
04/25/2023,157.61,2723287,163.95,164.11,157.33,798
04/26/2023,155.45,3077362,156.95,158.61,154.79,799
04/27/2023,158.15,3037874,156.23,158.60,155.13,800
04/28/2023,157.75,3432888,158.65,159.66,155.95,801
05/01/2023,157.12,1964517,157.68,158.75,156.34,802
05/02/2023,155.72,2277367,156.55,156.80,153.57,803
05/03/2023,154.57,2385734,155.32,158.62,154.34,804
05/04/2023,152.53,2653616,154.18,154.50,150.87,805
05/05/2023,156.30,2187168,154.49,157.77,154.17,806
05/08/2023,156.50,1495283,156.48,157.79,155.65,807
05/09/2023,157.42,1886143,155.70,157.86,155.42,808
05/10/2023,157.73,2804995,158.18,159.30,155.02,809
05/11/2023,158.87,2832191,157.38,159.31,156.54,810
05/12/2023,157.99,3361673,157.80,159.30,156.03,811
05/15/2023,160.57,4055226,157.97,160.79,157.40,812
05/16/2023,156.91,5805908,157.38,160.85,154.70,813
05/17/2023,160.96,8387682,155.80,162.84,155.12,814
05/18/2023,154.18,7881625,160.87,161.62,153.25,815
05/19/2023,152.28,4455951,154.90,155.27,150.93,816
05/22/2023,151.91,3717029,151.00,152.74,149.77,817
05/23/2023,147.16,4374107,150.33,151.33,146.94,818
05/24/2023,143.10,6738339,145.80,145.89,142.13,819
05/25/2023,140.75,7409509,142.18,142.20,138.65,820
05/26/2023,138.93,8100414,140.31,140.48,137.21,821
05/30/2023,133.84,10931880,138.22,138.89,133.58,822
05/31/2023,130.93,20234410,134.24,135.26,130.63,823
06/01/2023,131.16,13678400,128.60,132.03,126.75,824
06/02/2023,133.22,7594003,131.24,133.28,130.56,825
06/05/2023,130.60,7702865,131.67,132.44,129.72,826
06/06/2023,132.70,6065176,130.10,132.96,129.93,827
06/07/2023,131.75,5504444,132.03,132.31,131.01,828
06/08/2023,131.27,6169538,131.50,132.77,130.22,829
06/09/2023,126.99,9404114,129.50,130.60,126.95,830
06/12/2023,126.48,8265553,127.30,127.39,125.08,831
06/13/2023,128.72,6916318,127.50,129.40,126.74,832
06/14/2023,133.23,14968680,129.20,134.53,127.93,833
06/15/2023,137.84,10063140,135.11,138.08,134.60,834
06/16/2023,133.81,9902995,138.06,138.06,133.64,835
06/20/2023,132.72,5358565,133.12,133.29,131.42,836
06/21/2023,133.22,3845534,132.36,133.98,131.33,837
06/22/2023,132.39,4621820,133.44,133.76,131.43,838
06/23/2023,131.83,6975461,131.01,132.41,130.32,839
06/26/2023,134.50,4831060,132.35,135.46,132.34,840
06/27/2023,132.51,6047604,133.20,134.84,132.41,841
06/28/2023,132.47,4601877,132.70,133.38,131.88,842
06/29/2023,132.91,6055214,132.48,134.06,131.77,843
06/30/2023,131.90,7316244,133.81,133.85,131.13,844
07/03/2023,134.86,4134575,131.59,135.32,131.59,845
07/05/2023,132.55,5186919,134.24,134.49,132.49,846
07/06/2023,130.84,4884559,131.88,132.97,130.43,847
07/07/2023,130.05,4256769,130.50,132.22,129.86,848
07/10/2023,131.74,3831341,130.28,131.86,130.28,849
07/11/2023,133.39,4094851,132.04,134.30,131.37,850
07/12/2023,132.91,3758325,134.85,135.41,132.84,851
07/13/2023,132.82,3077394,133.37,134.30,132.69,852
07/14/2023,130.92,4124253,132.09,132.68,130.66,853
07/17/2023,130.01,4733830,130.80,130.83,128.55,854
07/18/2023,130.81,3786428,130.35,131.97,129.04,855
07/19/2023,132.70,3229211,131.50,132.93,130.88,856
07/20/2023,134.64,4174687,133.13,135.29,132.48,857
07/21/2023,134.08,4034220,135.13,136.36,133.60,858
07/24/2023,135.41,2622554,134.32,135.60,133.83,859
07/25/2023,133.60,3849394,135.09,135.83,133.34,860
07/26/2023,134.47,5180126,132.76,135.54,132.46,861
07/27/2023,134.50,5538824,135.33,138.28,134.50,862
07/28/2023,135.00,2959879,135.85,136.74,134.81,863
07/31/2023,136.47,6056394,135.26,136.89,135.26,864
08/01/2023,132.99,4069343,136.33,136.54,132.95,865
08/02/2023,133.54,3565201,132.20,134.09,131.82,866
08/03/2023,132.73,3726350,133.23,134.04,132.60,867
08/04/2023,132.53,3481493,133.80,134.62,131.97,868
08/07/2023,131.94,3036744,133.02,133.70,131.34,869
08/08/2023,130.98,4359129,130.62,131.21,129.35,870
08/09/2023,130.60,2761196,131.35,132.08,130.26,871
08/10/2023,130.92,4375612,131.25,132.51,130.52,872
08/11/2023,131.05,3803950,130.03,131.69,130.02,873
08/14/2023,129.42,4425115,130.73,131.82,128.87,874
08/15/2023,125.05,9416536,127.95,129.32,124.96,875
08/16/2023,128.75,23754380,135.00,135.25,127.53,876
08/17/2023,130.11,8659582,128.54,132.85,128.43,877
08/18/2023,131.21,5755769,129.61,132.42,129.06,878
08/21/2023,127.79,5928622,130.49,131.75,127.43,879
08/22/2023,124.94,8792895,125.52,126.07,122.64,880
08/23/2023,123.21,4797546,124.32,125.39,122.79,881
08/24/2023,124.10,4308104,122.62,124.44,122.12,882
08/25/2023,121.79,7279729,124.00,124.10,120.75,883
08/28/2023,123.43,5116621,121.93,123.73,121.44,884
08/29/2023,126.16,5267418,123.82,127.66,123.77,885
08/30/2023,126.95,3276692,125.77,127.35,125.37,886
08/31/2023,126.55,4234559,126.35,127.70,125.84,887
09/01/2023,125.52,2997077,127.55,127.70,125.15,888
09/05/2023,125.19,3427328,125.42,127.47,125.00,889
09/06/2023,123.71,3562081,125.19,125.47,123.13,890
09/07/2023,124.46,3267388,123.85,124.88,123.52,891
09/08/2023,123.69,2923526,124.36,124.73,122.53,892
09/11/2023,122.67,2613061,124.35,124.61,122.54,893
09/12/2023,122.40,2930593,122.90,123.48,122.25,894
09/13/2023,122.93,2541536,122.74,123.68,122.49,895
09/14/2023,124.77,3760916,123.60,124.96,122.81,896
09/15/2023,123.05,4919837,124.76,125.10,122.72,897
09/18/2023,119.34,5415228,122.92,122.92,118.55,898
09/19/2023,120.17,4056940,119.46,120.79,118.95,899
09/20/2023,120.41,3264205,120.58,121.54,120.07,900
09/21/2023,117.32,4138784,119.55,120.34,116.88,901
09/22/2023,112.60,6593656,116.97,117.37,112.54,902
09/25/2023,112.26,5353284,112.11,112.75,110.53,903
09/26/2023,109.48,6022236,111.36,112.39,109.12,904
09/27/2023,109.74,4498097,109.38,110.64,108.49,905
09/28/2023,109.56,4676519,109.54,110.48,108.15,906
09/29/2023,110.57,4738145,110.37,111.65,109.88,907
10/02/2023,106.69,6121320,110.35,110.39,105.75,908
10/03/2023,107.16,5370253,106.18,108.59,106.18,909
10/04/2023,106.62,5523089,108.40,108.40,105.75,910
10/05/2023,105.15,4749303,105.87,106.70,104.63,911
10/06/2023,105.01,7556860,104.75,106.27,102.93,912
10/09/2023,105.76,4819926,105.24,106.12,103.74,913
10/10/2023,109.63,6791773,106.45,111.16,106.21,914
10/11/2023,108.99,3977387,110.12,110.41,106.93,915
10/12/2023,110.80,6497328,112.99,113.00,109.51,916
10/13/2023,111.98,4654301,111.21,112.23,110.01,917
10/16/2023,111.39,3872723,112.56,112.79,109.79,918
10/17/2023,112.56,3387899,111.18,113.18,110.75,919
10/18/2023,110.21,2940763,111.94,111.97,109.93,920
10/19/2023,108.36,4249535,110.22,110.90,108.33,921
10/20/2023,108.83,4215699,108.25,110.24,107.70,922
10/23/2023,107.42,3189793,108.09,108.45,106.66,923
10/24/2023,108.68,2518133,107.67,109.23,107.31,924
10/25/2023,110.36,4123180,108.43,111.08,107.92,925
10/26/2023,110.87,3092443,110.20,111.91,109.99,926
10/27/2023,107.23,3448150,110.52,111.10,106.89,927
10/30/2023,108.67,3852694,107.76,109.10,106.60,928
10/31/2023,110.79,5549356,108.88,111.28,108.46,929
11/01/2023,109.54,3081469,111.08,111.08,108.61,930
11/02/2023,111.07,3817841,110.24,111.83,108.92,931
11/03/2023,112.85,4341125,112.20,114.21,112.08,932
11/06/2023,111.05,3684151,113.29,113.44,110.92,933
11/07/2023,111.35,2859192,110.83,112.67,110.80,934
11/08/2023,109.85,4514024,111.04,111.94,109.30,935
11/09/2023,106.79,5604550,110.31,110.31,106.33,936
11/10/2023,108.33,6239706,107.11,108.63,105.23,937
11/13/2023,107.30,4016019,108.72,108.83,107.13,938
11/14/2023,110.79,7656097,108.25,112.31,108.08,939
11/15/2023,130.46,32230790,126.08,131.53,124.88,940
11/16/2023,129.94,12033210,127.26,130.81,127.19,941
11/17/2023,129.89,5983144,130.38,131.09,128.90,942
11/20/2023,129.65,5838646,129.35,130.23,128.37,943
11/21/2023,130.80,4057923,130.22,130.87,128.71,944
11/22/2023,130.50,3589640,130.50,132.36,129.89,945
11/24/2023,131.46,1863112,130.50,131.47,129.76,946
11/27/2023,131.33,3736677,131.15,132.35,130.25,947
11/28/2023,131.67,3804859,131.33,131.80,130.22,948
11/29/2023,131.32,2918926,131.96,133.10,131.17,949
11/30/2023,133.81,5759516,132.21,133.96,130.39,950
12/01/2023,134.78,4594776,133.40,134.95,132.51,951
12/04/2023,133.71,7625135,134.22,136.24,133.19,952
12/05/2023,132.88,2997807,133.32,133.86,132.50,953
12/06/2023,133.38,3894396,133.24,133.99,132.29,954
12/07/2023,135.19,3939241,134.60,135.82,134.13,955
12/08/2023,135.19,2880821,135.23,136.40,135.11,956
12/11/2023,136.76,3571671,136.11,136.95,135.49,957
12/12/2023,135.66,3352141,136.91,136.91,135.23,958
12/13/2023,138.38,3531705,136.00,138.42,134.70,959
12/14/2023,141.14,4636393,139.70,142.20,139.45,960
12/15/2023,138.37,5680232,141.10,141.60,138.21,961
12/18/2023,137.72,3116977,139.00,139.15,137.40,962
12/19/2023,139.58,2834632,138.00,139.70,137.90,963
12/20/2023,136.90,3711734,138.73,138.87,136.55,964
12/21/2023,139.37,3980171,137.95,139.64,137.29,965
12/22/2023,140.20,3223130,139.44,140.42,138.63,966
12/26/2023,141.03,2237681,140.00,141.44,139.30,967
12/27/2023,142.38,2806617,140.93,142.73,140.61,968
12/28/2023,142.54,2146723,142.06,143.11,142.00,969
12/29/2023,142.42,2517434,142.02,143.37,141.72,970
01/02/2024,143.10,3601516,142.19,144.20,141.58,971
01/03/2024,138.67,4662126,142.36,142.97,138.33,972
01/04/2024,140.25,3903017,138.86,140.93,137.70,973
01/05/2024,140.75,2745251,139.32,141.95,139.32,974
01/08/2024,141.73,3563278,140.20,141.99,139.56,975
01/09/2024,143.77,3664385,141.00,143.97,140.53,976
01/10/2024,144.09,2777416,143.38,144.41,142.92,977
01/11/2024,142.02,3215302,144.50,144.50,140.99,978
01/12/2024,140.91,2236556,142.70,143.15,140.67,979
01/16/2024,141.07,3482382,142.19,142.46,139.92,980
01/17/2024,138.74,3566339,140.08,140.75,138.39,981
01/18/2024,137.40,4160686,138.63,139.12,135.67,982
01/19/2024,138.14,3592626,137.22,138.60,135.80,983
01/22/2024,140.36,2778677,138.40,140.76,137.91,984
01/23/2024,140.88,2806826,140.84,141.71,139.85,985
01/24/2024,139.20,2845913,141.60,141.80,138.96,986
01/25/2024,142.18,2566508,140.28,142.28,139.01,987
01/26/2024,142.53,3014884,142.89,143.00,141.64,988
01/29/2024,141.52,4878965,142.73,142.98,136.35,989
01/30/2024,140.52,2879472,140.62,141.20,137.84,990
01/31/2024,139.08,5804407,140.53,141.45,138.96,991
02/01/2024,144.42,3613852,140.94,144.47,138.50,992
02/02/2024,145.49,3776039,143.49,147.04,142.57,993
02/05/2024,142.33,4697391,144.22,144.89,141.50,994
02/06/2024,144.43,2873927,142.66,144.47,141.46,995
02/07/2024,146.73,3979600,149.00,149.00,145.26,996
02/08/2024,147.40,2946883,147.01,149.09,146.85,997
02/09/2024,146.53,2792412,147.08,147.57,146.30,998
02/12/2024,149.40,3492607,147.52,150.40,147.50,999
02/13/2024,146.11,3061805,147.22,147.87,144.59,1000
02/14/2024,145.03,2986367,144.69,146.09,143.74,1001
02/15/2024,146.33,2807586,145.79,148.26,145.43,1002
02/16/2024,149.61,4319878,145.73,150.29,145.13,1003
02/20/2024,149.89,3474440,150.00,152.11,149.21,1004
02/21/2024,148.79,2307567,149.31,149.85,147.86,1005
02/22/2024,150.34,2503830,148.79,150.98,147.99,1006
02/23/2024,151.48,3503633,150.98,152.78,150.41,1007
02/26/2024,150.15,3856937,150.61,150.95,149.10,1008
02/27/2024,151.99,2851684,150.79,152.31,150.45,1009
02/28/2024,151.44,2298383,151.33,152.25,150.65,1010
02/29/2024,152.92,4447831,152.39,153.65,152.00,1011
03/01/2024,155.29,4285496,153.24,155.54,152.00,1012
03/04/2024,150.49,9096141,153.19,154.77,150.09,1013
03/05/2024,168.58,22986760,166.06,170.47,165.21,1014
03/06/2024,173.54,8955240,172.22,175.53,171.60,1015
03/07/2024,171.54,3644659,175.00,175.27,171.32,1016
03/08/2024,169.72,3362621,171.34,172.29,169.45,1017
03/11/2024,168.07,3142428,170.19,170.58,166.68,1018
03/12/2024,167.57,2292056,168.64,169.06,167.53,1019
03/13/2024,166.67,5546260,167.24,167.54,164.19,1020
03/14/2024,164.31,3365891,166.76,167.17,163.05,1021
03/15/2024,164.22,5074986,162.87,165.25,162.71,1022
03/18/2024,167.59,3189594,163.98,168.19,163.44,1023
03/19/2024,168.21,2290482,167.07,168.61,166.30,1024
03/20/2024,170.46,2969720,167.92,170.57,167.38,1025
03/21/2024,170.17,2624530,170.67,170.88,168.97,1026
03/22/2024,168.63,2443809,170.00,170.17,168.49,1027
03/25/2024,172.66,4262579,170.00,173.58,169.73,1028
03/26/2024,172.64,3513108,172.63,174.20,172.16,1029
03/27/2024,174.67,4747265,174.10,175.48,173.54,1030
03/28/2024,177.21,3716230,175.00,177.40,174.69,1031
04/01/2024,177.82,3917377,178.77,181.86,177.66,1032
04/02/2024,176.24,3022070,177.65,177.89,175.09,1033
04/03/2024,175.49,3033852,176.53,177.19,175.10,1034
04/04/2024,172.22,3614382,176.84,177.23,171.98,1035
04/05/2024,171.77,2333972,171.62,172.54,170.03,1036
04/08/2024,169.70,2123077,170.90,172.13,169.62,1037
04/09/2024,171.63,1847129,170.00,171.74,169.26,1038
04/10/2024,171.62,2148746,169.90,171.86,168.75,1039
04/11/2024,171.33,2248121,172.79,173.05,170.39,1040
04/12/2024,166.12,3551672,170.82,171.06,165.78,1041
04/15/2024,165.01,5075360,169.18,169.80,164.96,1042
04/16/2024,163.32,3450687,165.06,166.00,162.21,1043
04/17/2024,164.47,3700382,166.76,167.94,163.87,1044
04/18/2024,166.58,3169461,165.72,167.53,165.09,1045
04/19/2024,168.30,3377054,167.33,168.47,166.77,1046
04/22/2024,167.11,2155534,168.76,169.09,166.03,1047
04/23/2024,166.51,1890252,167.64,168.01,166.10,1048
04/24/2024,165.34,2631351,165.03,166.54,164.79,1049
04/25/2024,164.44,3141691,163.89,165.15,163.18,1050
04/26/2024,164.74,2085518,165.15,166.28,164.14,1051
04/29/2024,163.73,2737235,164.70,165.72,162.06,1052
04/30/2024,160.98,3534392,162.45,162.63,160.42,1053
05/01/2024,156.43,4380435,160.83,161.63,156.33,1054
05/02/2024,158.12,3880034,157.29,158.64,155.80,1055
05/03/2024,158.04,3802181,159.00,160.31,157.81,1056
05/06/2024,158.35,3314545,158.04,158.40,156.50,1057
05/07/2024,160.41,3492502,161.07,162.36,159.84,1058
05/08/2024,159.59,2678278,159.00,161.25,158.99,1059
05/09/2024,164.32,2537985,159.44,164.40,159.04,1060
05/10/2024,163.13,2414113,164.61,165.65,161.70,1061
05/13/2024,160.90,2629007,164.21,164.40,160.59,1062
05/14/2024,158.96,2707913,160.30,161.60,158.58,1063
05/15/2024,157.51,2563650,160.61,161.08,157.04,1064
05/16/2024,160.65,5232861,160.25,163.65,159.72,1065
05/17/2024,160.13,4005467,160.18,160.47,159.10,1066
05/20/2024,156.71,4429218,159.90,160.80,155.96,1067
05/21/2024,155.78,6291009,156.71,156.84,154.65,1068
05/22/2024,143.27,18724020,140.54,145.67,139.98,1069
05/23/2024,144.41,6661102,142.50,145.58,141.76,1070
05/24/2024,145.23,3550295,144.90,145.73,143.56,1071
05/28/2024,147.10,4344281,145.00,147.44,144.53,1072
05/29/2024,147.74,3038460,146.05,148.13,145.50,1073
05/30/2024,149.87,4239436,148.52,150.36,147.92,1074
05/31/2024,156.16,7500984,148.88,156.93,148.76,1075
06/03/2024,153.03,4162466,152.09,154.49,151.38,1076
06/04/2024,150.55,4683706,152.37,154.19,150.11,1077
06/05/2024,147.35,5746077,150.50,150.98,146.75,1078
06/06/2024,145.13,4682855,146.70,147.19,145.05,1079
06/07/2024,146.00,3110844,144.63,146.60,144.15,1080
06/10/2024,148.52,3052921,146.05,148.91,145.57,1081
06/11/2024,146.19,3592381,148.25,148.37,145.92,1082
06/12/2024,146.78,3064275,146.34,148.03,145.10,1083
06/13/2024,144.68,3470565,147.09,147.09,144.55,1084
06/14/2024,141.16,5019720,143.77,143.80,139.38,1085
06/17/2024,144.97,5006330,141.35,145.06,140.80,1086
06/18/2024,142.54,2969474,144.36,144.85,142.42,1087
06/20/2024,143.38,2628654,142.15,143.77,141.73,1088
06/21/2024,146.13,5652005,143.99,146.27,143.99,1089
06/24/2024,149.69,3933203,147.00,150.79,146.72,1090
06/25/2024,146.77,3367570,148.48,149.12,146.34,1091
06/26/2024,147.17,2447102,146.01,147.31,144.92,1092
06/27/2024,146.72,2273610,145.75,147.00,145.30,1093
06/28/2024,148.04,12772530,147.54,148.71,146.12,1094
07/01/2024,145.74,2638855,148.34,148.94,145.07,1095
07/02/2024,145.39,3296556,145.50,146.99,144.46,1096
07/03/2024,144.80,1633259,145.32,146.23,144.37,1097
07/05/2024,145.65,3562244,144.54,146.43,144.50,1098
07/08/2024,148.72,5183791,151.86,151.97,147.79,1099
07/09/2024,147.60,2848969,148.00,149.62,147.23,1100
07/10/2024,146.11,4105702,147.45,147.45,143.41,1101
07/11/2024,151.40,4728715,147.00,151.89,146.50,1102
07/12/2024,152.85,2675771,152.47,153.64,150.81,1103
07/15/2024,151.30,3645851,152.85,153.45,150.91,1104
07/16/2024,155.01,3391784,151.45,155.01,151.39,1105
07/17/2024,155.93,3353650,154.04,156.74,154.04,1106
07/18/2024,152.09,2927396,154.82,155.25,151.84,1107
07/19/2024,149.73,3186989,151.46,151.46,149.36,1108
07/22/2024,151.02,3692971,149.37,151.74,148.72,1109
07/23/2024,150.27,1622400,150.20,150.96,149.64,1110
07/24/2024,146.45,3029508,150.29,150.92,145.30,1111
07/25/2024,146.29,3019653,146.58,149.42,145.99,1112
07/26/2024,149.00,2426969,147.25,149.99,147.25,1113
07/29/2024,146.82,2486982,147.38,147.90,145.14,1114
07/30/2024,147.95,2379216,147.37,148.29,146.76,1115
07/31/2024,150.41,5743885,148.71,152.40,147.93,1116
08/01/2024,147.02,3782377,151.21,151.35,146.08,1117
08/02/2024,139.17,6476490,145.32,145.42,138.04,1118
08/05/2024,133.87,6887654,136.00,136.35,132.42,1119
08/06/2024,133.85,5005677,134.51,135.91,133.25,1120
08/07/2024,133.47,3209671,136.18,137.75,133.34,1121
08/08/2024,133.97,3894009,134.79,135.99,133.07,1122
08/09/2024,135.50,3778303,133.61,135.60,132.75,1123
08/12/2024,135.02,3695560,134.59,136.55,134.12,1124
08/13/2024,136.66,3319751,135.68,136.91,133.67,1125
08/14/2024,135.76,4837956,136.70,136.91,135.51,1126
08/15/2024,141.66,4640641,143.29,143.88,140.56,1127
08/16/2024,144.04,3473906,141.12,144.24,140.89,1128
08/19/2024,144.63,4426996,144.50,148.64,144.42,1129
08/20/2024,144.33,6815076,144.50,145.70,142.88,1130
08/21/2024,159.25,25572110,167.33,167.40,158.97,1131
08/22/2024,156.82,7452356,159.90,160.12,156.42,1132
08/23/2024,158.50,3188295,157.58,159.62,156.74,1133
08/26/2024,158.90,3655215,159.31,161.84,157.97,1134
08/27/2024,158.68,3252292,158.90,159.77,157.76,1135
08/28/2024,156.86,2666472,157.75,158.32,155.69,1136
08/29/2024,153.42,3879497,156.26,156.26,152.47,1137
08/30/2024,153.62,3933162,153.69,154.15,152.19,1138
09/03/2024,151.80,4070975,152.99,154.96,151.35,1139
09/04/2024,152.48,3841041,152.65,153.74,148.87,1140
09/05/2024,151.90,3358882,153.06,153.55,150.67,1141
09/06/2024,151.28,4045069,151.61,153.33,150.72,1142
09/09/2024,150.59,3735150,151.37,152.92,149.95,1143
09/10/2024,148.01,4103181,150.59,150.78,147.35,1144
09/11/2024,147.29,4089547,147.25,147.97,144.67,1145
09/12/2024,148.44,3454594,147.35,148.98,146.61,1146
09/13/2024,151.36,3592362,149.72,152.62,149.48,1147
09/16/2024,152.84,3429165,151.95,153.74,150.71,1148
09/17/2024,151.96,3162261,152.94,153.69,151.07,1149
09/18/2024,153.60,3269539,152.49,156.05,152.40,1150
09/19/2024,156.49,5098842,156.58,157.39,155.00,1151
09/20/2024,154.75,7389826,156.90,157.39,153.94,1152
09/23/2024,155.29,2927656,154.77,155.74,152.91,1153
09/24/2024,156.18,3113986,155.90,157.83,155.50,1154
09/25/2024,155.07,2319914,156.29,156.92,154.16,1155
09/26/2024,155.98,2757937,156.53,157.74,155.12,1156
09/27/2024,155.18,3067262,156.50,157.51,154.78,1157
09/30/2024,155.86,2935829,155.18,156.36,154.22,1158
10/01/2024,152.20,3994414,155.25,155.40,151.37,1159
10/02/2024,150.40,2794972,151.66,152.45,149.96,1160
10/03/2024,149.60,4790132,149.89,150.00,147.54,1161
10/04/2024,152.88,3557483,151.92,153.87,151.32,1162
10/07/2024,149.00,3301408,152.63,152.63,147.91,1163
10/08/2024,151.32,3224142,148.99,151.78,148.81,1164
10/09/2024,154.33,3514297,151.56,154.44,150.25,1165
10/10/2024,155.97,3139067,154.33,156.26,152.33,1166
10/11/2024,158.46,3594086,156.69,158.83,156.43,1167
10/14/2024,157.97,2534419,158.20,159.56,156.55,1168
10/15/2024,160.69,2988018,158.65,161.50,158.44,1169
10/16/2024,158.87,3124548,160.70,160.79,158.45,1170
10/17/2024,155.89,2879828,158.88,158.97,155.51,1171
10/18/2024,156.84,2988748,156.49,157.07,154.71,1172
10/21/2024,150.91,4455218,156.00,156.06,150.06,1173
10/22/2024,149.19,2815030,150.04,150.28,148.65,1174
10/23/2024,148.05,3961995,148.33,149.39,147.41,1175
10/24/2024,150.18,3060349,149.21,150.50,148.62,1176
10/25/2024,151.16,4082176,151.51,153.08,150.95,1177
10/28/2024,149.30,2523740,152.65,153.38,149.28,1178
10/29/2024,147.93,2881493,148.90,150.22,147.72,1179
10/30/2024,148.52,2520491,148.00,149.79,147.69,1180
10/31/2024,150.04,3229478,149.04,150.72,148.09,1181
11/01/2024,150.84,2453210,151.38,151.82,150.11,1182
11/04/2024,149.99,3289701,150.46,152.68,149.80,1183
11/05/2024,150.99,2692273,150.01,151.83,149.53,1184
11/06/2024,147.29,7506637,151.70,151.70,145.08,1185
11/07/2024,150.91,4862354,147.80,152.25,147.60,1186
11/08/2024,149.78,3323610,151.51,151.60,149.63,1187
11/11/2024,153.28,3541650,150.00,154.70,149.90,1188
11/12/2024,155.65,5082085,154.80,157.06,153.73,1189
11/13/2024,154.99,3624515,155.50,156.97,154.75,1190
11/14/2024,153.47,4075055,154.76,155.92,152.85,1191
11/15/2024,152.13,3888688,153.83,154.21,151.92,1192
11/18/2024,156.56,6508271,153.00,157.03,152.78,1193
11/19/2024,156.00,9170486,156.20,158.42,154.01,1194
11/20/2024,121.72,64557670,128.00,129.06,120.21,1195
11/21/2024,121.59,19616660,122.09,124.10,120.59,1196
11/22/2024,125.01,13730070,121.70,125.75,121.26,1197
11/25/2024,130.53,15456460,128.07,131.91,127.51,1198
11/26/2024,126.55,9888230,129.30,129.62,126.50,1199
11/27/2024,130.09,6745228,127.99,130.75,127.18,1200
11/29/2024,132.31,5023526,130.50,132.85,130.17,1201
12/02/2024,130.72,14195580,130.73,131.99,127.87,1202
12/03/2024,131.45,8163940,130.50,131.77,128.92,1203
12/04/2024,130.07,6051297,130.77,130.95,129.04,1204
12/05/2024,129.17,6858622,130.15,130.50,128.50,1205
12/06/2024,132.39,7284123,130.00,132.79,130.00,1206
12/09/2024,135.29,9619251,133.35,138.11,133.00,1207
12/10/2024,135.05,5575526,135.79,136.61,133.30,1208
12/11/2024,135.98,4811931,134.86,137.75,134.51,1209
12/12/2024,135.29,3860187,137.07,137.70,135.22,1210
12/13/2024,134.52,4261210,135.72,136.03,133.34,1211
12/16/2024,132.45,5503836,133.55,134.83,131.76,1212
12/17/2024,131.60,5792995,131.54,132.01,129.90,1213
12/18/2024,130.70,6602398,131.31,136.29,130.61,1214
12/19/2024,130.43,5262076,131.00,132.00,130.41,1215
12/20/2024,131.48,7189143,129.73,132.31,129.35,1216
12/23/2024,131.92,4097814,130.80,132.11,129.20,1217
12/24/2024,132.40,1647679,131.87,132.67,131.18,1218
12/26/2024,136.39,5042669,132.46,136.94,132.44,1219
12/27/2024,135.50,3089050,135.13,137.09,135.00,1220
12/30/2024,135.05,3945601,134.40,136.44,133.83,1221
12/31/2024,135.18,2830498,135.50,136.59,134.29,1222
01/02/2025,137.19,4360979,135.75,138.88,135.46,1223
01/03/2025,135.79,4025991,137.69,138.03,135.15,1224
01/06/2025,139.29,4937860,137.02,139.85,137.02,1225
01/07/2025,139.25,4166105,139.93,142.20,138.35,1226
01/08/2025,138.22,4663432,139.00,139.29,136.26,1227
01/10/2025,141.62,5882755,138.74,143.00,138.45,1228
01/13/2025,138.77,4061936,140.53,140.60,137.87,1229
01/14/2025,136.47,4635549,140.22,140.75,135.66,1230
01/15/2025,134.53,5132565,139.90,140.37,134.48,1231
01/16/2025,133.25,9900615,128.52,133.77,127.92,1232
01/17/2025,133.61,6892451,132.89,133.78,130.89,1233
01/21/2025,137.34,4848927,134.50,137.71,134.12,1234
01/22/2025,135.77,4012367,137.19,137.27,135.41,1235
01/23/2025,137.25,6788929,135.49,137.51,135.04,1236
01/24/2025,137.89,5868189,137.30,138.90,136.66,1237
01/27/2025,142.50,5331613,137.95,142.51,137.48,1238
01/28/2025,141.06,4141533,143.00,145.08,140.61,1239
01/29/2025,140.09,3279184,141.20,142.24,139.95,1240
01/30/2025,140.44,2792025,140.86,142.10,139.43,1241
01/31/2025,137.91,4057192,140.11,140.39,137.44,1242
02/03/2025,134.16,6330501,134.58,135.45,132.08,1243
02/04/2025,135.60,4376150,135.00,136.88,133.28,1244
02/05/2025,135.21,4908709,135.19,136.30,133.80,1245
02/06/2025,134.68,4289168,136.06,137.05,134.13,1246
02/07/2025,131.35,5756700,134.68,135.00,130.29,1247
02/10/2025,131.28,4003492,131.78,132.32,130.29,1248
02/11/2025,132.45,4782582,130.92,132.47,130.21,1249
02/12/2025,127.50,6428960,129.21,129.84,126.82,1250
02/13/2025,128.58,5325881,127.61,129.44,126.99,1251
02/14/2025,127.88,4549000,128.93,129.44,127.36,1252
02/18/2025,130.11,4901553,128.00,130.65,127.75,1253
02/19/2025,130.75,3893522,130.00,131.70,129.47,1254
02/20/2025,128.13,6195906,128.78,130.15,127.80,1255
02/21/2025,124.27,9052895,125.91,127.00,123.93,1256
02/24/2025,125.77,8772920,124.31,126.71,123.69,1257
Date,Close/Last,Volume,Open,High,Low,Days
